FactorName,中文名称,WindFieldName,数据类型,关联字段,注释,TableName,DateField,IDField,条件一,条件一注释
preclose,昨收盘价(元),S_DQ_PRECLOSE,"NUMBER(20,4)",,数据保留2位小数,ASHAREEODPRICES,TRADE_DT,S_INFO_WINDCODE,,
open,开盘价(元),S_DQ_OPEN,"NUMBER(20,4)",,数据保留2位小数,ASHAREEODPRICES,TRADE_DT,S_INFO_WINDCODE,,
high,最高价(元),S_DQ_HIGH,"NUMBER(20,4)",,数据保留2位小数,ASHAREEODPRICES,TRADE_DT,S_INFO_WINDCODE,,
low,最低价(元),S_DQ_LOW,"NUMBER(20,4)",,数据保留2位小数,ASHAREEODPRICES,TRADE_DT,S_INFO_WINDCODE,,
close,收盘价(元),S_DQ_CLOSE,"NUMBER(20,4)",,数据保留2位小数,ASHAREEODPRICES,TRADE_DT,S_INFO_WINDCODE,,
change,涨跌(元),S_DQ_CHANGE,"NUMBER(20,4)",,S_DQ_CLOSE-S_DQ_PRECLOSE,ASHAREEODPRICES,TRADE_DT,S_INFO_WINDCODE,,
pctchange,涨跌幅(%),S_DQ_PCTCHANGE,"NUMBER(20,4)",,"ROUND((S_DQ_CLOSE - S_DQ_PRECLOSE) * 100 / S_DQ_PRECLOSE, 2)",ASHAREEODPRICES,TRADE_DT,S_INFO_WINDCODE,,
volume,成交量(手),S_DQ_VOLUME,"NUMBER(20,4)",,,ASHAREEODPRICES,TRADE_DT,S_INFO_WINDCODE,,
amount,成交金额(千元),S_DQ_AMOUNT,"NUMBER(20,4)",,,ASHAREEODPRICES,TRADE_DT,S_INFO_WINDCODE,,
adjpreclose,后复权昨收盘价(元),S_DQ_ADJPRECLOSE,"NUMBER(20,4)",,昨收盘价*复权因子,ASHAREEODPRICES,TRADE_DT,S_INFO_WINDCODE,,
adjopen,后复权开盘价(元),S_DQ_ADJOPEN,"NUMBER(20,4)",,开盘价*复权因子,ASHAREEODPRICES,TRADE_DT,S_INFO_WINDCODE,,
adjhigh,后复权最高价(元),S_DQ_ADJHIGH,"NUMBER(20,4)",,最高价*复权因子,ASHAREEODPRICES,TRADE_DT,S_INFO_WINDCODE,,
adjlow,后复权最低价(元),S_DQ_ADJLOW,"NUMBER(20,4)",,最低价*复权因子,ASHAREEODPRICES,TRADE_DT,S_INFO_WINDCODE,,
adjclose,后复权收盘价(元),S_DQ_ADJCLOSE,"NUMBER(20,4)",,收盘价*复权因子,ASHAREEODPRICES,TRADE_DT,S_INFO_WINDCODE,,
adjfactor,复权因子,S_DQ_ADJFACTOR,"NUMBER(20,6)",,初始值为1；当日复权因子=前一交易日收盘价/当日昨收盘价*前一交易日复权因子。T日前复权收盘价 =(T日复权收盘价) ÷ (最新复权因子),ASHAREEODPRICES,TRADE_DT,S_INFO_WINDCODE,,
avgprice,均价(VWAP),S_DQ_AVGPRICE,"NUMBER(20,4)",,成交金额/成交量,ASHAREEODPRICES,TRADE_DT,S_INFO_WINDCODE,,
tradestatus,交易状态代码,S_DQ_TRADESTATUSCODE,"NUMBER(5,0)",,附注-1:交易-2:待核查0:停牌XD:除息XR:除权DR:除权除息N:上市首日,ASHAREEODPRICES,TRADE_DT,S_INFO_WINDCODE,,
limit,涨停价(元),S_DQ_LIMIT,"NUMBER(20,4)",,,ASHAREEODPRICES,TRADE_DT,S_INFO_WINDCODE,,
stopping,跌停价(元),S_DQ_STOPPING,"NUMBER(20,4)",,,ASHAREEODPRICES,TRADE_DT,S_INFO_WINDCODE,,
ann_dt,公告日期,ANN_DT,VARCHAR2(8),,,AShareIncome,REPORT_PERIOD,S_INFO_WINDCODE,STATEMENT_TYPE = '408001000',报表类型:408001000:合并报表408002000:合并报表(单季度)408003000:合并报表(单季度调整)408004000:合并报表(调整)408005000:合并报表(更正前)408006000:母公司报表408007000:母公司报表(单季度)408008000:母公司报表(单季度调整)408009000:母公司报表(调整)408010000:母公司报表(更正前)408020000：合并调整
tot_oper_rev,营业总收入,TOT_OPER_REV,"NUMBER(20,4)",.,,AShareIncome,REPORT_PERIOD,S_INFO_WINDCODE,STATEMENT_TYPE,
oper_rev,营业收入,OPER_REV,"NUMBER(20,4)",.,,AShareIncome,REPORT_PERIOD,S_INFO_WINDCODE,STATEMENT_TYPE,
int_inc,利息收入,INT_INC,"NUMBER(20,4)",.,,AShareIncome,REPORT_PERIOD,S_INFO_WINDCODE,STATEMENT_TYPE,
net_int_inc,利息净收入,NET_INT_INC,"NUMBER(20,4)",.,,AShareIncome,REPORT_PERIOD,S_INFO_WINDCODE,STATEMENT_TYPE,
insur_prem_unearned,已赚保费,INSUR_PREM_UNEARNED,"NUMBER(20,4)",.,,AShareIncome,REPORT_PERIOD,S_INFO_WINDCODE,STATEMENT_TYPE,
handling_chrg_comm_inc,手续费及佣金收入,HANDLING_CHRG_COMM_INC,"NUMBER(20,4)",.,,AShareIncome,REPORT_PERIOD,S_INFO_WINDCODE,STATEMENT_TYPE,
net_handling_chrg_comm_inc,手续费及佣金净收入,NET_HANDLING_CHRG_COMM_INC,"NUMBER(20,4)",.,,AShareIncome,REPORT_PERIOD,S_INFO_WINDCODE,STATEMENT_TYPE,
net_inc_other_ops,其他经营净收益,NET_INC_OTHER_OPS,"NUMBER(20,4)",.,,AShareIncome,REPORT_PERIOD,S_INFO_WINDCODE,STATEMENT_TYPE,
plus_net_inc_other_bus,加:其他业务净收益,PLUS_NET_INC_OTHER_BUS,"NUMBER(20,4)",.,,AShareIncome,REPORT_PERIOD,S_INFO_WINDCODE,STATEMENT_TYPE,
prem_inc,保费业务收入,PREM_INC,"NUMBER(20,4)",.,,AShareIncome,REPORT_PERIOD,S_INFO_WINDCODE,STATEMENT_TYPE,
less_ceded_out_prem,减:分出保费,LESS_CEDED_OUT_PREM,"NUMBER(20,4)",.,,AShareIncome,REPORT_PERIOD,S_INFO_WINDCODE,STATEMENT_TYPE,
chg_unearned_prem_res,提取未到期责任准备金,CHG_UNEARNED_PREM_RES,"NUMBER(20,4)",.,,AShareIncome,REPORT_PERIOD,S_INFO_WINDCODE,STATEMENT_TYPE,
incl_reinsurance_prem_inc,其中:分保费收入,INCL_REINSURANCE_PREM_INC,"NUMBER(20,4)",.,,AShareIncome,REPORT_PERIOD,S_INFO_WINDCODE,STATEMENT_TYPE,
net_inc_sec_trading_brok_bus,代理买卖证券业务净收入,NET_INC_SEC_TRADING_BROK_BUS,"NUMBER(20,4)",.,,AShareIncome,REPORT_PERIOD,S_INFO_WINDCODE,STATEMENT_TYPE,
net_inc_sec_uw_bus,证券承销业务净收入,NET_INC_SEC_UW_BUS,"NUMBER(20,4)",.,,AShareIncome,REPORT_PERIOD,S_INFO_WINDCODE,STATEMENT_TYPE,
net_inc_ec_asset_mgmt_bus,受托客户资产管理业务净收入,NET_INC_EC_ASSET_MGMT_BUS,"NUMBER(20,4)",.,,AShareIncome,REPORT_PERIOD,S_INFO_WINDCODE,STATEMENT_TYPE,
other_bus_inc,其他业务收入,OTHER_BUS_INC,"NUMBER(20,4)",.,,AShareIncome,REPORT_PERIOD,S_INFO_WINDCODE,STATEMENT_TYPE,
plus_net_gain_chg_fv,加:公允价值变动净收益,PLUS_NET_GAIN_CHG_FV,"NUMBER(20,4)",.,,AShareIncome,REPORT_PERIOD,S_INFO_WINDCODE,STATEMENT_TYPE,
plus_net_invest_inc,加:投资净收益,PLUS_NET_INVEST_INC,"NUMBER(20,4)",.,,AShareIncome,REPORT_PERIOD,S_INFO_WINDCODE,STATEMENT_TYPE,
incl_inc_invest_assoc_jv_entp,其中:对联营企业和合营企业的投资收益,INCL_INC_INVEST_ASSOC_JV_ENTP,"NUMBER(20,4)",.,,AShareIncome,REPORT_PERIOD,S_INFO_WINDCODE,STATEMENT_TYPE,
plus_net_gain_fx_trans,加:汇兑净收益,PLUS_NET_GAIN_FX_TRANS,"NUMBER(20,4)",.,,AShareIncome,REPORT_PERIOD,S_INFO_WINDCODE,STATEMENT_TYPE,
tot_oper_cost,营业总成本,TOT_OPER_COST,"NUMBER(20,4)",.,,AShareIncome,REPORT_PERIOD,S_INFO_WINDCODE,STATEMENT_TYPE,
less_oper_cost,减:营业成本,LESS_OPER_COST,"NUMBER(20,4)",.,,AShareIncome,REPORT_PERIOD,S_INFO_WINDCODE,STATEMENT_TYPE,
less_int_exp,减:利息支出,LESS_INT_EXP,"NUMBER(20,4)",.,,AShareIncome,REPORT_PERIOD,S_INFO_WINDCODE,STATEMENT_TYPE,
less_handling_chrg_comm_exp,减:手续费及佣金支出,LESS_HANDLING_CHRG_COMM_EXP,"NUMBER(20,4)",.,,AShareIncome,REPORT_PERIOD,S_INFO_WINDCODE,STATEMENT_TYPE,
less_taxes_surcharges_ops,减:营业税金及附加,LESS_TAXES_SURCHARGES_OPS,"NUMBER(20,4)",.,,AShareIncome,REPORT_PERIOD,S_INFO_WINDCODE,STATEMENT_TYPE,
less_selling_dist_exp,减:销售费用,LESS_SELLING_DIST_EXP,"NUMBER(20,4)",.,,AShareIncome,REPORT_PERIOD,S_INFO_WINDCODE,STATEMENT_TYPE,
less_gerl_admin_exp,减:管理费用,LESS_GERL_ADMIN_EXP,"NUMBER(20,4)",.,,AShareIncome,REPORT_PERIOD,S_INFO_WINDCODE,STATEMENT_TYPE,
less_fin_exp,减:财务费用,LESS_FIN_EXP,"NUMBER(20,4)",.,,AShareIncome,REPORT_PERIOD,S_INFO_WINDCODE,STATEMENT_TYPE,
less_impair_loss_assets,减:资产减值损失,LESS_IMPAIR_LOSS_ASSETS,"NUMBER(20,4)",.,,AShareIncome,REPORT_PERIOD,S_INFO_WINDCODE,STATEMENT_TYPE,
prepay_surr,退保金,PREPAY_SURR,"NUMBER(20,4)",.,,AShareIncome,REPORT_PERIOD,S_INFO_WINDCODE,STATEMENT_TYPE,
tot_claim_exp,赔付总支出,TOT_CLAIM_EXP,"NUMBER(20,4)",.,,AShareIncome,REPORT_PERIOD,S_INFO_WINDCODE,STATEMENT_TYPE,
chg_insur_cont_rsrv,提取保险责任准备金,CHG_INSUR_CONT_RSRV,"NUMBER(20,4)",.,,AShareIncome,REPORT_PERIOD,S_INFO_WINDCODE,STATEMENT_TYPE,
dvd_exp_insured,保户红利支出,DVD_EXP_INSURED,"NUMBER(20,4)",.,,AShareIncome,REPORT_PERIOD,S_INFO_WINDCODE,STATEMENT_TYPE,
reinsurance_exp,分保费用,REINSURANCE_EXP,"NUMBER(20,4)",.,,AShareIncome,REPORT_PERIOD,S_INFO_WINDCODE,STATEMENT_TYPE,
oper_exp,营业支出,OPER_EXP,"NUMBER(20,4)",.,,AShareIncome,REPORT_PERIOD,S_INFO_WINDCODE,STATEMENT_TYPE,
less_claim_recb_reinsurer,减:摊回赔付支出,LESS_CLAIM_RECB_REINSURER,"NUMBER(20,4)",.,,AShareIncome,REPORT_PERIOD,S_INFO_WINDCODE,STATEMENT_TYPE,
less_ins_rsrv_recb_reinsurer,减:摊回保险责任准备金,LESS_INS_RSRV_RECB_REINSURER,"NUMBER(20,4)",.,,AShareIncome,REPORT_PERIOD,S_INFO_WINDCODE,STATEMENT_TYPE,
less_exp_recb_reinsurer,减:摊回分保费用,LESS_EXP_RECB_REINSURER,"NUMBER(20,4)",.,,AShareIncome,REPORT_PERIOD,S_INFO_WINDCODE,STATEMENT_TYPE,
other_bus_cost,其他业务成本,OTHER_BUS_COST,"NUMBER(20,4)",.,,AShareIncome,REPORT_PERIOD,S_INFO_WINDCODE,STATEMENT_TYPE,
oper_profit,营业利润,OPER_PROFIT,"NUMBER(20,4)",.,,AShareIncome,REPORT_PERIOD,S_INFO_WINDCODE,STATEMENT_TYPE,
plus_non_oper_rev,加:营业外收入,PLUS_NON_OPER_REV,"NUMBER(20,4)",.,,AShareIncome,REPORT_PERIOD,S_INFO_WINDCODE,STATEMENT_TYPE,
less_non_oper_exp,减:营业外支出,LESS_NON_OPER_EXP,"NUMBER(20,4)",.,,AShareIncome,REPORT_PERIOD,S_INFO_WINDCODE,STATEMENT_TYPE,
il_net_loss_disp_noncur_asset,其中:减:非流动资产处置净损失,IL_NET_LOSS_DISP_NONCUR_ASSET,"NUMBER(20,4)",.,,AShareIncome,REPORT_PERIOD,S_INFO_WINDCODE,STATEMENT_TYPE,
tot_profit,利润总额,TOT_PROFIT,"NUMBER(20,4)",.,,AShareIncome,REPORT_PERIOD,S_INFO_WINDCODE,STATEMENT_TYPE,
inc_tax,所得税,INC_TAX,"NUMBER(20,4)",.,,AShareIncome,REPORT_PERIOD,S_INFO_WINDCODE,STATEMENT_TYPE,
unconfirmed_invest_loss,未确认投资损失,UNCONFIRMED_INVEST_LOSS,"NUMBER(20,4)",.,,AShareIncome,REPORT_PERIOD,S_INFO_WINDCODE,STATEMENT_TYPE,
net_profit_incl_min_int_inc,净利润(含少数股东损益),NET_PROFIT_INCL_MIN_INT_INC,"NUMBER(20,4)",.,,AShareIncome,REPORT_PERIOD,S_INFO_WINDCODE,STATEMENT_TYPE,
net_profit_excl_min_int_inc,净利润(不含少数股东损益),NET_PROFIT_EXCL_MIN_INT_INC,"NUMBER(20,4)",.,,AShareIncome,REPORT_PERIOD,S_INFO_WINDCODE,STATEMENT_TYPE,
minority_int_inc,少数股东损益,MINORITY_INT_INC,"NUMBER(20,4)",.,,AShareIncome,REPORT_PERIOD,S_INFO_WINDCODE,STATEMENT_TYPE,
other_compreh_inc,其他综合收益,OTHER_COMPREH_INC,"NUMBER(20,4)",.,,AShareIncome,REPORT_PERIOD,S_INFO_WINDCODE,STATEMENT_TYPE,
tot_compreh_inc,综合收益总额,TOT_COMPREH_INC,"NUMBER(20,4)",.,,AShareIncome,REPORT_PERIOD,S_INFO_WINDCODE,STATEMENT_TYPE,
tot_compreh_inc_parent_comp,综合收益总额(母公司),TOT_COMPREH_INC_PARENT_COMP,"NUMBER(20,4)",.,,AShareIncome,REPORT_PERIOD,S_INFO_WINDCODE,STATEMENT_TYPE,
tot_compreh_inc_min_shrhldr,综合收益总额(少数股东),TOT_COMPREH_INC_MIN_SHRHLDR,"NUMBER(20,4)",.,,AShareIncome,REPORT_PERIOD,S_INFO_WINDCODE,STATEMENT_TYPE,
ebit,息税前利润,EBIT,"NUMBER(20,4)",.,正向法,AShareIncome,REPORT_PERIOD,S_INFO_WINDCODE,STATEMENT_TYPE,
ebitda,息税折旧摊销前利润,EBITDA,"NUMBER(20,4)",.,,AShareIncome,REPORT_PERIOD,S_INFO_WINDCODE,STATEMENT_TYPE,
net_profit_after_ded_nr_lp,扣除非经常性损益后净利润（扣除少数股东损益）,NET_PROFIT_AFTER_DED_NR_LP,"NUMBER(20,4)",.,,AShareIncome,REPORT_PERIOD,S_INFO_WINDCODE,STATEMENT_TYPE,
net_profit_under_intl_acc_sta,国际会计准则净利润,NET_PROFIT_UNDER_INTL_ACC_STA,"NUMBER(20,4)",.,,AShareIncome,REPORT_PERIOD,S_INFO_WINDCODE,STATEMENT_TYPE,
comp_type_code,公司类型代码,COMP_TYPE_CODE,VARCHAR2(2),,1非金融类2银行3保险4证券,AShareIncome,REPORT_PERIOD,S_INFO_WINDCODE,STATEMENT_TYPE,
s_fa_eps_basic,基本每股收益,S_FA_EPS_BASIC,"NUMBER(20,4)",.,,AShareIncome,REPORT_PERIOD,S_INFO_WINDCODE,STATEMENT_TYPE,
s_fa_eps_diluted,稀释每股收益,S_FA_EPS_DILUTED,"NUMBER(20,4)",.,,AShareIncome,REPORT_PERIOD,S_INFO_WINDCODE,STATEMENT_TYPE,
actual_ann_dt,实际公告日期,ACTUAL_ANN_DT,VARCHAR2(8),.,,AShareIncome,REPORT_PERIOD,S_INFO_WINDCODE,STATEMENT_TYPE,
insurance_expense,保险业务支出,INSURANCE_EXPENSE,"NUMBER(20,4)",.,,AShareIncome,REPORT_PERIOD,S_INFO_WINDCODE,STATEMENT_TYPE,
spe_bal_oper_profit,营业利润差额(特殊报表科目),SPE_BAL_OPER_PROFIT,"NUMBER(20,4)",.,,AShareIncome,REPORT_PERIOD,S_INFO_WINDCODE,STATEMENT_TYPE,
tot_bal_oper_profit,营业利润差额(合计平衡项目),TOT_BAL_OPER_PROFIT,"NUMBER(20,4)",.,,AShareIncome,REPORT_PERIOD,S_INFO_WINDCODE,STATEMENT_TYPE,
spe_bal_tot_profit,利润总额差额(特殊报表科目),SPE_BAL_TOT_PROFIT,"NUMBER(20,4)",.,,AShareIncome,REPORT_PERIOD,S_INFO_WINDCODE,STATEMENT_TYPE,
tot_bal_tot_profit,利润总额差额(合计平衡项目),TOT_BAL_TOT_PROFIT,"NUMBER(20,4)",.,,AShareIncome,REPORT_PERIOD,S_INFO_WINDCODE,STATEMENT_TYPE,
spe_bal_net_profit,净利润差额(特殊报表科目),SPE_BAL_NET_PROFIT,"NUMBER(20,4)",.,,AShareIncome,REPORT_PERIOD,S_INFO_WINDCODE,STATEMENT_TYPE,
tot_bal_net_profit,净利润差额(合计平衡项目),TOT_BAL_NET_PROFIT,"NUMBER(20,4)",.,,AShareIncome,REPORT_PERIOD,S_INFO_WINDCODE,STATEMENT_TYPE,
undistributed_profit,年初未分配利润,UNDISTRIBUTED_PROFIT,"NUMBER(20,4)",.,,AShareIncome,REPORT_PERIOD,S_INFO_WINDCODE,STATEMENT_TYPE,
adjlossgain_prevyear,调整以前年度损益,ADJLOSSGAIN_PREVYEAR,"NUMBER(20,4)",.,,AShareIncome,REPORT_PERIOD,S_INFO_WINDCODE,STATEMENT_TYPE,
transfer_from_surplusreserve,盈余公积转入,TRANSFER_FROM_SURPLUSRESERVE,"NUMBER(20,4)",.,,AShareIncome,REPORT_PERIOD,S_INFO_WINDCODE,STATEMENT_TYPE,
transfer_from_housingimprest,住房周转金转入,TRANSFER_FROM_HOUSINGIMPREST,"NUMBER(20,4)",.,,AShareIncome,REPORT_PERIOD,S_INFO_WINDCODE,STATEMENT_TYPE,
transfer_from_others,其他转入,TRANSFER_FROM_OTHERS,"NUMBER(20,4)",.,,AShareIncome,REPORT_PERIOD,S_INFO_WINDCODE,STATEMENT_TYPE,
distributable_profit,可分配利润,DISTRIBUTABLE_PROFIT,"NUMBER(20,4)",.,,AShareIncome,REPORT_PERIOD,S_INFO_WINDCODE,STATEMENT_TYPE,
withdr_legalsurplus,提取法定盈余公积,WITHDR_LEGALSURPLUS,"NUMBER(20,4)",.,,AShareIncome,REPORT_PERIOD,S_INFO_WINDCODE,STATEMENT_TYPE,
withdr_legalpubwelfunds,提取法定公益金,WITHDR_LEGALPUBWELFUNDS,"NUMBER(20,4)",.,,AShareIncome,REPORT_PERIOD,S_INFO_WINDCODE,STATEMENT_TYPE,
workers_welfare,职工奖金福利,WORKERS_WELFARE,"NUMBER(20,4)",.,,AShareIncome,REPORT_PERIOD,S_INFO_WINDCODE,STATEMENT_TYPE,
withdr_buzexpwelfare,提取企业发展基金,WITHDR_BUZEXPWELFARE,"NUMBER(20,4)",.,,AShareIncome,REPORT_PERIOD,S_INFO_WINDCODE,STATEMENT_TYPE,
withdr_reservefund,提取储备基金,WITHDR_RESERVEFUND,"NUMBER(20,4)",.,,AShareIncome,REPORT_PERIOD,S_INFO_WINDCODE,STATEMENT_TYPE,
distributable_profit_shrhder,可供股东分配的利润,DISTRIBUTABLE_PROFIT_SHRHDER,"NUMBER(20,4)",.,,AShareIncome,REPORT_PERIOD,S_INFO_WINDCODE,STATEMENT_TYPE,
prfshare_dvd_payable,应付优先股股利,PRFSHARE_DVD_PAYABLE,"NUMBER(20,4)",.,,AShareIncome,REPORT_PERIOD,S_INFO_WINDCODE,STATEMENT_TYPE,
withdr_othersurpreserve,提取任意盈余公积金,WITHDR_OTHERSURPRESERVE,"NUMBER(20,4)",.,,AShareIncome,REPORT_PERIOD,S_INFO_WINDCODE,STATEMENT_TYPE,
comshare_dvd_payable,应付普通股股利,COMSHARE_DVD_PAYABLE,"NUMBER(20,4)",.,,AShareIncome,REPORT_PERIOD,S_INFO_WINDCODE,STATEMENT_TYPE,
capitalized_comstock_div,转作股本的普通股股利,CAPITALIZED_COMSTOCK_DIV,"NUMBER(20,4)",.,,AShareIncome,REPORT_PERIOD,S_INFO_WINDCODE,STATEMENT_TYPE,
s_info_compcode,公司ID,S_INFO_COMPCODE,VARCHAR2(10),.,,AShareIncome,REPORT_PERIOD,S_INFO_WINDCODE,STATEMENT_TYPE,
net_after_ded_nr_lp_correct,扣除非经常性损益后的净利润(财务重要指标(更正前)),NET_AFTER_DED_NR_LP_CORRECT,"NUMBER(20,4)",.,,AShareIncome,REPORT_PERIOD,S_INFO_WINDCODE,STATEMENT_TYPE,
other_income,其他收益,OTHER_INCOME,"NUMBER(20,4)",.,,AShareIncome,REPORT_PERIOD,S_INFO_WINDCODE,STATEMENT_TYPE,
memo,备注,MEMO,VARCHAR2(1000),.,,AShareIncome,REPORT_PERIOD,S_INFO_WINDCODE,STATEMENT_TYPE,
asset_disposal_income,资产处置收益,ASSET_DISPOSAL_INCOME,"NUMBER(20,4)",.,,AShareIncome,REPORT_PERIOD,S_INFO_WINDCODE,STATEMENT_TYPE,
continued_net_profit,持续经营净利润,CONTINUED_NET_PROFIT,"NUMBER(20,4)",.,,AShareIncome,REPORT_PERIOD,S_INFO_WINDCODE,STATEMENT_TYPE,
end_net_profit,终止经营净利润,END_NET_PROFIT,"NUMBER(20,4)",.,,AShareIncome,REPORT_PERIOD,S_INFO_WINDCODE,STATEMENT_TYPE,
credit_impairment_loss,信用减值损失,CREDIT_IMPAIRMENT_LOSS,"NUMBER(20,4)",.,,AShareIncome,REPORT_PERIOD,S_INFO_WINDCODE,STATEMENT_TYPE,
net_exposure_hedging_benefits,净敞口套期收益,NET_EXPOSURE_HEDGING_BENEFITS,"NUMBER(20,4)",.,,AShareIncome,REPORT_PERIOD,S_INFO_WINDCODE,STATEMENT_TYPE,
rd_expense,研发费用,RD_EXPENSE,"NUMBER(20,4)",.,,AShareIncome,REPORT_PERIOD,S_INFO_WINDCODE,STATEMENT_TYPE,
stmnote_finexp,财务费用:利息费用,STMNOTE_FINEXP,"NUMBER(20,4)",.,,AShareIncome,REPORT_PERIOD,S_INFO_WINDCODE,STATEMENT_TYPE,
fin_exp_int_inc,财务费用:利息收入,FIN_EXP_INT_INC,"NUMBER(20,4)",.,,AShareIncome,REPORT_PERIOD,S_INFO_WINDCODE,STATEMENT_TYPE,
is_calculation,是否计算报表,IS_CALCULATION,"NUMBER(5,0)",.,,AShareIncome,REPORT_PERIOD,S_INFO_WINDCODE,STATEMENT_TYPE,
other_impair_loss_assets,其他资产减值损失,OTHER_IMPAIR_LOSS_ASSETS,"NUMBER(20,4)",.,,AShareIncome,REPORT_PERIOD,S_INFO_WINDCODE,STATEMENT_TYPE,
tot_oper_cost2,营业总成本2,TOT_OPER_COST2,"NUMBER(20,4)",.,,AShareIncome,REPORT_PERIOD,S_INFO_WINDCODE,STATEMENT_TYPE,
amodcost_fin_assets,以摊余成本计量的金融资产终止确认收益,AMODCOST_FIN_ASSETS,"NUMBER(20,4)",.,,AShareIncome,REPORT_PERIOD,S_INFO_WINDCODE,STATEMENT_TYPE,
monetary_cap,货币资金,MONETARY_CAP,"NUMBER(20,4)",.,,AShareBalanceSheet,REPORT_PERIOD,S_INFO_WINDCODE,STATEMENT_TYPE,
tradable_fin_assets,交易性金融资产,TRADABLE_FIN_ASSETS,"NUMBER(20,4)",.,,AShareBalanceSheet,REPORT_PERIOD,S_INFO_WINDCODE,STATEMENT_TYPE,
notes_rcv,应收票据,NOTES_RCV,"NUMBER(20,4)",.,,AShareBalanceSheet,REPORT_PERIOD,S_INFO_WINDCODE,STATEMENT_TYPE,
acct_rcv,应收账款,ACCT_RCV,"NUMBER(20,4)",.,,AShareBalanceSheet,REPORT_PERIOD,S_INFO_WINDCODE,STATEMENT_TYPE,
oth_rcv,其他应收款,OTH_RCV,"NUMBER(20,4)",.,,AShareBalanceSheet,REPORT_PERIOD,S_INFO_WINDCODE,STATEMENT_TYPE,
prepay,预付款项,PREPAY,"NUMBER(20,4)",.,,AShareBalanceSheet,REPORT_PERIOD,S_INFO_WINDCODE,STATEMENT_TYPE,
dvd_rcv,应收股利,DVD_RCV,"NUMBER(20,4)",.,,AShareBalanceSheet,REPORT_PERIOD,S_INFO_WINDCODE,STATEMENT_TYPE,
int_rcv,应收利息,INT_RCV,"NUMBER(20,4)",.,,AShareBalanceSheet,REPORT_PERIOD,S_INFO_WINDCODE,STATEMENT_TYPE,
inventories,存货,INVENTORIES,"NUMBER(20,4)",.,,AShareBalanceSheet,REPORT_PERIOD,S_INFO_WINDCODE,STATEMENT_TYPE,
consumptive_bio_assets,消耗性生物资产,CONSUMPTIVE_BIO_ASSETS,"NUMBER(20,4)",.,,AShareBalanceSheet,REPORT_PERIOD,S_INFO_WINDCODE,STATEMENT_TYPE,
deferred_exp,待摊费用,DEFERRED_EXP,"NUMBER(20,4)",.,,AShareBalanceSheet,REPORT_PERIOD,S_INFO_WINDCODE,STATEMENT_TYPE,
non_cur_assets_due_within_1y,一年内到期的非流动资产,NON_CUR_ASSETS_DUE_WITHIN_1Y,"NUMBER(20,4)",.,,AShareBalanceSheet,REPORT_PERIOD,S_INFO_WINDCODE,STATEMENT_TYPE,
settle_rsrv,结算备付金,SETTLE_RSRV,"NUMBER(20,4)",.,,AShareBalanceSheet,REPORT_PERIOD,S_INFO_WINDCODE,STATEMENT_TYPE,
loans_to_oth_banks,拆出资金,LOANS_TO_OTH_BANKS,"NUMBER(20,4)",.,,AShareBalanceSheet,REPORT_PERIOD,S_INFO_WINDCODE,STATEMENT_TYPE,
prem_rcv,应收保费,PREM_RCV,"NUMBER(20,4)",.,,AShareBalanceSheet,REPORT_PERIOD,S_INFO_WINDCODE,STATEMENT_TYPE,
rcv_from_reinsurer,应收分保账款,RCV_FROM_REINSURER,"NUMBER(20,4)",.,,AShareBalanceSheet,REPORT_PERIOD,S_INFO_WINDCODE,STATEMENT_TYPE,
rcv_from_ceded_insur_cont_rsrv,应收分保合同准备金,RCV_FROM_CEDED_INSUR_CONT_RSRV,"NUMBER(20,4)",.,,AShareBalanceSheet,REPORT_PERIOD,S_INFO_WINDCODE,STATEMENT_TYPE,
red_monetary_cap_for_sale,买入返售金融资产,RED_MONETARY_CAP_FOR_SALE,"NUMBER(20,4)",.,,AShareBalanceSheet,REPORT_PERIOD,S_INFO_WINDCODE,STATEMENT_TYPE,
oth_cur_assets,其他流动资产,OTH_CUR_ASSETS,"NUMBER(20,4)",.,,AShareBalanceSheet,REPORT_PERIOD,S_INFO_WINDCODE,STATEMENT_TYPE,
tot_cur_assets,流动资产合计,TOT_CUR_ASSETS,"NUMBER(20,4)",.,,AShareBalanceSheet,REPORT_PERIOD,S_INFO_WINDCODE,STATEMENT_TYPE,
fin_assets_avail_for_sale,可供出售金融资产,FIN_ASSETS_AVAIL_FOR_SALE,"NUMBER(20,4)",.,,AShareBalanceSheet,REPORT_PERIOD,S_INFO_WINDCODE,STATEMENT_TYPE,
held_to_mty_invest,持有至到期投资,HELD_TO_MTY_INVEST,"NUMBER(20,4)",.,,AShareBalanceSheet,REPORT_PERIOD,S_INFO_WINDCODE,STATEMENT_TYPE,
long_term_eqy_invest,长期股权投资,LONG_TERM_EQY_INVEST,"NUMBER(20,4)",.,,AShareBalanceSheet,REPORT_PERIOD,S_INFO_WINDCODE,STATEMENT_TYPE,
invest_real_estate,投资性房地产,INVEST_REAL_ESTATE,"NUMBER(20,4)",.,,AShareBalanceSheet,REPORT_PERIOD,S_INFO_WINDCODE,STATEMENT_TYPE,
time_deposits,定期存款,TIME_DEPOSITS,"NUMBER(20,4)",.,,AShareBalanceSheet,REPORT_PERIOD,S_INFO_WINDCODE,STATEMENT_TYPE,
oth_assets,其他资产,OTH_ASSETS,"NUMBER(20,4)",.,,AShareBalanceSheet,REPORT_PERIOD,S_INFO_WINDCODE,STATEMENT_TYPE,
long_term_rec,长期应收款,LONG_TERM_REC,"NUMBER(20,4)",.,,AShareBalanceSheet,REPORT_PERIOD,S_INFO_WINDCODE,STATEMENT_TYPE,
fix_assets,固定资产,FIX_ASSETS,"NUMBER(20,4)",.,,AShareBalanceSheet,REPORT_PERIOD,S_INFO_WINDCODE,STATEMENT_TYPE,
const_in_prog,在建工程,CONST_IN_PROG,"NUMBER(20,4)",.,,AShareBalanceSheet,REPORT_PERIOD,S_INFO_WINDCODE,STATEMENT_TYPE,
proj_matl,工程物资,PROJ_MATL,"NUMBER(20,4)",.,,AShareBalanceSheet,REPORT_PERIOD,S_INFO_WINDCODE,STATEMENT_TYPE,
fix_assets_disp,固定资产清理,FIX_ASSETS_DISP,"NUMBER(20,4)",.,,AShareBalanceSheet,REPORT_PERIOD,S_INFO_WINDCODE,STATEMENT_TYPE,
productive_bio_assets,生产性生物资产,PRODUCTIVE_BIO_ASSETS,"NUMBER(20,4)",.,,AShareBalanceSheet,REPORT_PERIOD,S_INFO_WINDCODE,STATEMENT_TYPE,
oil_and_natural_gas_assets,油气资产,OIL_AND_NATURAL_GAS_ASSETS,"NUMBER(20,4)",.,,AShareBalanceSheet,REPORT_PERIOD,S_INFO_WINDCODE,STATEMENT_TYPE,
intang_assets,无形资产,INTANG_ASSETS,"NUMBER(20,4)",.,,AShareBalanceSheet,REPORT_PERIOD,S_INFO_WINDCODE,STATEMENT_TYPE,
r_and_d_costs,开发支出,R_AND_D_COSTS,"NUMBER(20,4)",.,,AShareBalanceSheet,REPORT_PERIOD,S_INFO_WINDCODE,STATEMENT_TYPE,
goodwill,商誉,GOODWILL,"NUMBER(20,4)",.,,AShareBalanceSheet,REPORT_PERIOD,S_INFO_WINDCODE,STATEMENT_TYPE,
long_term_deferred_exp,长期待摊费用,LONG_TERM_DEFERRED_EXP,"NUMBER(20,4)",.,,AShareBalanceSheet,REPORT_PERIOD,S_INFO_WINDCODE,STATEMENT_TYPE,
deferred_tax_assets,递延所得税资产,DEFERRED_TAX_ASSETS,"NUMBER(20,4)",.,,AShareBalanceSheet,REPORT_PERIOD,S_INFO_WINDCODE,STATEMENT_TYPE,
loans_and_adv_granted,发放贷款及垫款,LOANS_AND_ADV_GRANTED,"NUMBER(20,4)",.,,AShareBalanceSheet,REPORT_PERIOD,S_INFO_WINDCODE,STATEMENT_TYPE,
oth_non_cur_assets,其他非流动资产,OTH_NON_CUR_ASSETS,"NUMBER(20,4)",.,,AShareBalanceSheet,REPORT_PERIOD,S_INFO_WINDCODE,STATEMENT_TYPE,
tot_non_cur_assets,非流动资产合计,TOT_NON_CUR_ASSETS,"NUMBER(20,4)",.,,AShareBalanceSheet,REPORT_PERIOD,S_INFO_WINDCODE,STATEMENT_TYPE,
cash_deposits_central_bank,现金及存放中央银行款项,CASH_DEPOSITS_CENTRAL_BANK,"NUMBER(20,4)",.,,AShareBalanceSheet,REPORT_PERIOD,S_INFO_WINDCODE,STATEMENT_TYPE,
asset_dep_oth_banks_fin_inst,存放同业和其它金融机构款项,ASSET_DEP_OTH_BANKS_FIN_INST,"NUMBER(20,4)",.,,AShareBalanceSheet,REPORT_PERIOD,S_INFO_WINDCODE,STATEMENT_TYPE,
precious_metals,贵金属,PRECIOUS_METALS,"NUMBER(20,4)",.,,AShareBalanceSheet,REPORT_PERIOD,S_INFO_WINDCODE,STATEMENT_TYPE,
derivative_fin_assets,衍生金融资产,DERIVATIVE_FIN_ASSETS,"NUMBER(20,4)",.,,AShareBalanceSheet,REPORT_PERIOD,S_INFO_WINDCODE,STATEMENT_TYPE,
agency_bus_assets,代理业务资产,AGENCY_BUS_ASSETS,"NUMBER(20,4)",.,,AShareBalanceSheet,REPORT_PERIOD,S_INFO_WINDCODE,STATEMENT_TYPE,
subr_rec,应收代位追偿款,SUBR_REC,"NUMBER(20,4)",.,,AShareBalanceSheet,REPORT_PERIOD,S_INFO_WINDCODE,STATEMENT_TYPE,
rcv_ceded_unearned_prem_rsrv,应收分保未到期责任准备金,RCV_CEDED_UNEARNED_PREM_RSRV,"NUMBER(20,4)",.,,AShareBalanceSheet,REPORT_PERIOD,S_INFO_WINDCODE,STATEMENT_TYPE,
rcv_ceded_claim_rsrv,应收分保未决赔款准备金,RCV_CEDED_CLAIM_RSRV,"NUMBER(20,4)",.,,AShareBalanceSheet,REPORT_PERIOD,S_INFO_WINDCODE,STATEMENT_TYPE,
rcv_ceded_life_insur_rsrv,应收分保寿险责任准备金,RCV_CEDED_LIFE_INSUR_RSRV,"NUMBER(20,4)",.,,AShareBalanceSheet,REPORT_PERIOD,S_INFO_WINDCODE,STATEMENT_TYPE,
rcv_ceded_lt_health_insur_rsrv,应收分保长期健康险责任准备金,RCV_CEDED_LT_HEALTH_INSUR_RSRV,"NUMBER(20,4)",.,,AShareBalanceSheet,REPORT_PERIOD,S_INFO_WINDCODE,STATEMENT_TYPE,
mrgn_paid,存出保证金,MRGN_PAID,"NUMBER(20,4)",.,,AShareBalanceSheet,REPORT_PERIOD,S_INFO_WINDCODE,STATEMENT_TYPE,
insured_pledge_loan,保户质押贷款,INSURED_PLEDGE_LOAN,"NUMBER(20,4)",.,,AShareBalanceSheet,REPORT_PERIOD,S_INFO_WINDCODE,STATEMENT_TYPE,
cap_mrgn_paid,存出资本保证金,CAP_MRGN_PAID,"NUMBER(20,4)",.,,AShareBalanceSheet,REPORT_PERIOD,S_INFO_WINDCODE,STATEMENT_TYPE,
independent_acct_assets,独立账户资产,INDEPENDENT_ACCT_ASSETS,"NUMBER(20,4)",.,,AShareBalanceSheet,REPORT_PERIOD,S_INFO_WINDCODE,STATEMENT_TYPE,
clients_cap_deposit,客户资金存款,CLIENTS_CAP_DEPOSIT,"NUMBER(20,4)",.,,AShareBalanceSheet,REPORT_PERIOD,S_INFO_WINDCODE,STATEMENT_TYPE,
clients_rsrv_settle,客户备付金,CLIENTS_RSRV_SETTLE,"NUMBER(20,4)",.,,AShareBalanceSheet,REPORT_PERIOD,S_INFO_WINDCODE,STATEMENT_TYPE,
incl_seat_fees_exchange,其中:交易席位费,INCL_SEAT_FEES_EXCHANGE,"NUMBER(20,4)",.,,AShareBalanceSheet,REPORT_PERIOD,S_INFO_WINDCODE,STATEMENT_TYPE,
rcv_invest,应收款项类投资,RCV_INVEST,"NUMBER(20,4)",.,,AShareBalanceSheet,REPORT_PERIOD,S_INFO_WINDCODE,STATEMENT_TYPE,
tot_assets,资产总计,TOT_ASSETS,"NUMBER(20,4)",.,,AShareBalanceSheet,REPORT_PERIOD,S_INFO_WINDCODE,STATEMENT_TYPE,
st_borrow,短期借款,ST_BORROW,"NUMBER(20,4)",.,,AShareBalanceSheet,REPORT_PERIOD,S_INFO_WINDCODE,STATEMENT_TYPE,
borrow_central_bank,向中央银行借款,BORROW_CENTRAL_BANK,"NUMBER(20,4)",.,,AShareBalanceSheet,REPORT_PERIOD,S_INFO_WINDCODE,STATEMENT_TYPE,
deposit_received_ib_deposits,吸收存款及同业存放,DEPOSIT_RECEIVED_IB_DEPOSITS,"NUMBER(20,4)",.,,AShareBalanceSheet,REPORT_PERIOD,S_INFO_WINDCODE,STATEMENT_TYPE,
loans_oth_banks,拆入资金,LOANS_OTH_BANKS,"NUMBER(20,4)",.,,AShareBalanceSheet,REPORT_PERIOD,S_INFO_WINDCODE,STATEMENT_TYPE,
tradable_fin_liab,交易性金融负债,TRADABLE_FIN_LIAB,"NUMBER(20,4)",.,,AShareBalanceSheet,REPORT_PERIOD,S_INFO_WINDCODE,STATEMENT_TYPE,
notes_payable,应付票据,NOTES_PAYABLE,"NUMBER(20,4)",.,,AShareBalanceSheet,REPORT_PERIOD,S_INFO_WINDCODE,STATEMENT_TYPE,
acct_payable,应付账款,ACCT_PAYABLE,"NUMBER(20,4)",.,,AShareBalanceSheet,REPORT_PERIOD,S_INFO_WINDCODE,STATEMENT_TYPE,
adv_from_cust,预收款项,ADV_FROM_CUST,"NUMBER(20,4)",.,,AShareBalanceSheet,REPORT_PERIOD,S_INFO_WINDCODE,STATEMENT_TYPE,
fund_sales_fin_assets_rp,卖出回购金融资产款,FUND_SALES_FIN_ASSETS_RP,"NUMBER(20,4)",.,,AShareBalanceSheet,REPORT_PERIOD,S_INFO_WINDCODE,STATEMENT_TYPE,
handling_charges_comm_payable,应付手续费及佣金,HANDLING_CHARGES_COMM_PAYABLE,"NUMBER(20,4)",.,,AShareBalanceSheet,REPORT_PERIOD,S_INFO_WINDCODE,STATEMENT_TYPE,
empl_ben_payable,应付职工薪酬,EMPL_BEN_PAYABLE,"NUMBER(20,4)",.,,AShareBalanceSheet,REPORT_PERIOD,S_INFO_WINDCODE,STATEMENT_TYPE,
taxes_surcharges_payable,应交税费,TAXES_SURCHARGES_PAYABLE,"NUMBER(20,4)",.,,AShareBalanceSheet,REPORT_PERIOD,S_INFO_WINDCODE,STATEMENT_TYPE,
int_payable,应付利息,INT_PAYABLE,"NUMBER(20,4)",.,,AShareBalanceSheet,REPORT_PERIOD,S_INFO_WINDCODE,STATEMENT_TYPE,
dvd_payable,应付股利,DVD_PAYABLE,"NUMBER(20,4)",.,,AShareBalanceSheet,REPORT_PERIOD,S_INFO_WINDCODE,STATEMENT_TYPE,
oth_payable,其他应付款,OTH_PAYABLE,"NUMBER(20,4)",.,,AShareBalanceSheet,REPORT_PERIOD,S_INFO_WINDCODE,STATEMENT_TYPE,
acc_exp,预提费用,ACC_EXP,"NUMBER(20,4)",.,,AShareBalanceSheet,REPORT_PERIOD,S_INFO_WINDCODE,STATEMENT_TYPE,
deferred_inc,递延收益,DEFERRED_INC,"NUMBER(20,4)",.,,AShareBalanceSheet,REPORT_PERIOD,S_INFO_WINDCODE,STATEMENT_TYPE,
st_bonds_payable,应付短期债券,ST_BONDS_PAYABLE,"NUMBER(20,4)",.,,AShareBalanceSheet,REPORT_PERIOD,S_INFO_WINDCODE,STATEMENT_TYPE,
payable_to_reinsurer,应付分保账款,PAYABLE_TO_REINSURER,"NUMBER(20,4)",.,,AShareBalanceSheet,REPORT_PERIOD,S_INFO_WINDCODE,STATEMENT_TYPE,
rsrv_insur_cont,保险合同准备金,RSRV_INSUR_CONT,"NUMBER(20,4)",.,,AShareBalanceSheet,REPORT_PERIOD,S_INFO_WINDCODE,STATEMENT_TYPE,
acting_trading_sec,代理买卖证券款,ACTING_TRADING_SEC,"NUMBER(20,4)",.,,AShareBalanceSheet,REPORT_PERIOD,S_INFO_WINDCODE,STATEMENT_TYPE,
acting_uw_sec,代理承销证券款,ACTING_UW_SEC,"NUMBER(20,4)",.,,AShareBalanceSheet,REPORT_PERIOD,S_INFO_WINDCODE,STATEMENT_TYPE,
non_cur_liab_due_within_1y,一年内到期的非流动负债,NON_CUR_LIAB_DUE_WITHIN_1Y,"NUMBER(20,4)",.,,AShareBalanceSheet,REPORT_PERIOD,S_INFO_WINDCODE,STATEMENT_TYPE,
oth_cur_liab,其他流动负债,OTH_CUR_LIAB,"NUMBER(20,4)",.,,AShareBalanceSheet,REPORT_PERIOD,S_INFO_WINDCODE,STATEMENT_TYPE,
tot_cur_liab,流动负债合计,TOT_CUR_LIAB,"NUMBER(20,4)",.,,AShareBalanceSheet,REPORT_PERIOD,S_INFO_WINDCODE,STATEMENT_TYPE,
lt_borrow,长期借款,LT_BORROW,"NUMBER(20,4)",.,,AShareBalanceSheet,REPORT_PERIOD,S_INFO_WINDCODE,STATEMENT_TYPE,
bonds_payable,应付债券,BONDS_PAYABLE,"NUMBER(20,4)",.,,AShareBalanceSheet,REPORT_PERIOD,S_INFO_WINDCODE,STATEMENT_TYPE,
lt_payable,长期应付款,LT_PAYABLE,"NUMBER(20,4)",.,,AShareBalanceSheet,REPORT_PERIOD,S_INFO_WINDCODE,STATEMENT_TYPE,
specific_item_payable,专项应付款,SPECIFIC_ITEM_PAYABLE,"NUMBER(20,4)",.,,AShareBalanceSheet,REPORT_PERIOD,S_INFO_WINDCODE,STATEMENT_TYPE,
provisions,预计负债,PROVISIONS,"NUMBER(20,4)",.,,AShareBalanceSheet,REPORT_PERIOD,S_INFO_WINDCODE,STATEMENT_TYPE,
deferred_tax_liab,递延所得税负债,DEFERRED_TAX_LIAB,"NUMBER(20,4)",.,,AShareBalanceSheet,REPORT_PERIOD,S_INFO_WINDCODE,STATEMENT_TYPE,
deferred_inc_non_cur_liab,递延收益-非流动负债,DEFERRED_INC_NON_CUR_LIAB,"NUMBER(20,4)",.,,AShareBalanceSheet,REPORT_PERIOD,S_INFO_WINDCODE,STATEMENT_TYPE,
oth_non_cur_liab,其他非流动负债,OTH_NON_CUR_LIAB,"NUMBER(20,4)",.,,AShareBalanceSheet,REPORT_PERIOD,S_INFO_WINDCODE,STATEMENT_TYPE,
tot_non_cur_liab,非流动负债合计,TOT_NON_CUR_LIAB,"NUMBER(20,4)",.,,AShareBalanceSheet,REPORT_PERIOD,S_INFO_WINDCODE,STATEMENT_TYPE,
liab_dep_oth_banks_fin_inst,同业和其它金融机构存放款项,LIAB_DEP_OTH_BANKS_FIN_INST,"NUMBER(20,4)",.,,AShareBalanceSheet,REPORT_PERIOD,S_INFO_WINDCODE,STATEMENT_TYPE,
derivative_fin_liab,衍生金融负债,DERIVATIVE_FIN_LIAB,"NUMBER(20,4)",.,,AShareBalanceSheet,REPORT_PERIOD,S_INFO_WINDCODE,STATEMENT_TYPE,
cust_bank_dep,吸收存款,CUST_BANK_DEP,"NUMBER(20,4)",.,,AShareBalanceSheet,REPORT_PERIOD,S_INFO_WINDCODE,STATEMENT_TYPE,
agency_bus_liab,代理业务负债,AGENCY_BUS_LIAB,"NUMBER(20,4)",.,,AShareBalanceSheet,REPORT_PERIOD,S_INFO_WINDCODE,STATEMENT_TYPE,
oth_liab,其他负债,OTH_LIAB,"NUMBER(20,4)",.,,AShareBalanceSheet,REPORT_PERIOD,S_INFO_WINDCODE,STATEMENT_TYPE,
prem_received_adv,预收保费,PREM_RECEIVED_ADV,"NUMBER(20,4)",.,,AShareBalanceSheet,REPORT_PERIOD,S_INFO_WINDCODE,STATEMENT_TYPE,
deposit_received,存入保证金,DEPOSIT_RECEIVED,"NUMBER(20,4)",.,,AShareBalanceSheet,REPORT_PERIOD,S_INFO_WINDCODE,STATEMENT_TYPE,
insured_deposit_invest,保户储金及投资款,INSURED_DEPOSIT_INVEST,"NUMBER(20,4)",.,,AShareBalanceSheet,REPORT_PERIOD,S_INFO_WINDCODE,STATEMENT_TYPE,
unearned_prem_rsrv,未到期责任准备金,UNEARNED_PREM_RSRV,"NUMBER(20,4)",.,,AShareBalanceSheet,REPORT_PERIOD,S_INFO_WINDCODE,STATEMENT_TYPE,
out_loss_rsrv,未决赔款准备金,OUT_LOSS_RSRV,"NUMBER(20,4)",.,,AShareBalanceSheet,REPORT_PERIOD,S_INFO_WINDCODE,STATEMENT_TYPE,
life_insur_rsrv,寿险责任准备金,LIFE_INSUR_RSRV,"NUMBER(20,4)",.,,AShareBalanceSheet,REPORT_PERIOD,S_INFO_WINDCODE,STATEMENT_TYPE,
lt_health_insur_v,长期健康险责任准备金,LT_HEALTH_INSUR_V,"NUMBER(20,4)",.,,AShareBalanceSheet,REPORT_PERIOD,S_INFO_WINDCODE,STATEMENT_TYPE,
independent_acct_liab,独立账户负债,INDEPENDENT_ACCT_LIAB,"NUMBER(20,4)",.,,AShareBalanceSheet,REPORT_PERIOD,S_INFO_WINDCODE,STATEMENT_TYPE,
incl_pledge_loan,其中:质押借款,INCL_PLEDGE_LOAN,"NUMBER(20,4)",.,,AShareBalanceSheet,REPORT_PERIOD,S_INFO_WINDCODE,STATEMENT_TYPE,
claims_payable,应付赔付款,CLAIMS_PAYABLE,"NUMBER(20,4)",.,,AShareBalanceSheet,REPORT_PERIOD,S_INFO_WINDCODE,STATEMENT_TYPE,
dvd_payable_insured,应付保单红利,DVD_PAYABLE_INSURED,"NUMBER(20,4)",.,,AShareBalanceSheet,REPORT_PERIOD,S_INFO_WINDCODE,STATEMENT_TYPE,
tot_liab,负债合计,TOT_LIAB,"NUMBER(20,4)",.,,AShareBalanceSheet,REPORT_PERIOD,S_INFO_WINDCODE,STATEMENT_TYPE,
cap_stk,股本,CAP_STK,"NUMBER(20,4)",.,元，公布值，一般为金额,AShareBalanceSheet,REPORT_PERIOD,S_INFO_WINDCODE,STATEMENT_TYPE,
cap_rsrv,资本公积金,CAP_RSRV,"NUMBER(20,4)",.,,AShareBalanceSheet,REPORT_PERIOD,S_INFO_WINDCODE,STATEMENT_TYPE,
special_rsrv,专项储备,SPECIAL_RSRV,"NUMBER(20,4)",.,,AShareBalanceSheet,REPORT_PERIOD,S_INFO_WINDCODE,STATEMENT_TYPE,
surplus_rsrv,盈余公积金,SURPLUS_RSRV,"NUMBER(20,4)",.,,AShareBalanceSheet,REPORT_PERIOD,S_INFO_WINDCODE,STATEMENT_TYPE,
undistributed_profit,未分配利润,UNDISTRIBUTED_PROFIT,"NUMBER(20,4)",.,,AShareBalanceSheet,REPORT_PERIOD,S_INFO_WINDCODE,STATEMENT_TYPE,
less_tsy_stk,减:库存股,LESS_TSY_STK,"NUMBER(20,4)",.,,AShareBalanceSheet,REPORT_PERIOD,S_INFO_WINDCODE,STATEMENT_TYPE,
prov_nom_risks,一般风险准备,PROV_NOM_RISKS,"NUMBER(20,4)",.,,AShareBalanceSheet,REPORT_PERIOD,S_INFO_WINDCODE,STATEMENT_TYPE,
cnvd_diff_foreign_curr_stat,外币报表折算差额,CNVD_DIFF_FOREIGN_CURR_STAT,"NUMBER(20,4)",.,,AShareBalanceSheet,REPORT_PERIOD,S_INFO_WINDCODE,STATEMENT_TYPE,
unconfirmed_invest_loss,未确认的投资损失,UNCONFIRMED_INVEST_LOSS,"NUMBER(20,4)",.,,AShareBalanceSheet,REPORT_PERIOD,S_INFO_WINDCODE,STATEMENT_TYPE,
minority_int,少数股东权益,MINORITY_INT,"NUMBER(20,4)",.,,AShareBalanceSheet,REPORT_PERIOD,S_INFO_WINDCODE,STATEMENT_TYPE,
tot_shrhldr_eqy_excl_min_int,股东权益合计(不含少数股东权益),TOT_SHRHLDR_EQY_EXCL_MIN_INT,"NUMBER(20,4)",.,,AShareBalanceSheet,REPORT_PERIOD,S_INFO_WINDCODE,STATEMENT_TYPE,
tot_shrhldr_eqy_incl_min_int,股东权益合计(含少数股东权益),TOT_SHRHLDR_EQY_INCL_MIN_INT,"NUMBER(20,4)",.,,AShareBalanceSheet,REPORT_PERIOD,S_INFO_WINDCODE,STATEMENT_TYPE,
tot_liab_shrhldr_eqy,负债及股东权益总计,TOT_LIAB_SHRHLDR_EQY,"NUMBER(20,4)",.,,AShareBalanceSheet,REPORT_PERIOD,S_INFO_WINDCODE,STATEMENT_TYPE,
actual_ann_dt,实际公告日期,ACTUAL_ANN_DT,VARCHAR2(8),.,,AShareBalanceSheet,REPORT_PERIOD,S_INFO_WINDCODE,STATEMENT_TYPE,
spe_cur_assets_diff,流动资产差额(特殊报表科目),SPE_CUR_ASSETS_DIFF,"NUMBER(20,4)",.,,AShareBalanceSheet,REPORT_PERIOD,S_INFO_WINDCODE,STATEMENT_TYPE,
tot_cur_assets_diff,流动资产差额(合计平衡项目),TOT_CUR_ASSETS_DIFF,"NUMBER(20,4)",.,,AShareBalanceSheet,REPORT_PERIOD,S_INFO_WINDCODE,STATEMENT_TYPE,
spe_non_cur_assets_diff,非流动资产差额(特殊报表科目),SPE_NON_CUR_ASSETS_DIFF,"NUMBER(20,4)",.,,AShareBalanceSheet,REPORT_PERIOD,S_INFO_WINDCODE,STATEMENT_TYPE,
tot_non_cur_assets_diff,非流动资产差额(合计平衡项目),TOT_NON_CUR_ASSETS_DIFF,"NUMBER(20,4)",.,,AShareBalanceSheet,REPORT_PERIOD,S_INFO_WINDCODE,STATEMENT_TYPE,
spe_bal_assets_diff,资产差额(特殊报表科目),SPE_BAL_ASSETS_DIFF,"NUMBER(20,4)",.,,AShareBalanceSheet,REPORT_PERIOD,S_INFO_WINDCODE,STATEMENT_TYPE,
tot_bal_assets_diff,资产差额(合计平衡项目),TOT_BAL_ASSETS_DIFF,"NUMBER(20,4)",.,,AShareBalanceSheet,REPORT_PERIOD,S_INFO_WINDCODE,STATEMENT_TYPE,
spe_cur_liab_diff,流动负债差额(特殊报表科目),SPE_CUR_LIAB_DIFF,"NUMBER(20,4)",.,,AShareBalanceSheet,REPORT_PERIOD,S_INFO_WINDCODE,STATEMENT_TYPE,
tot_cur_liab_diff,流动负债差额(合计平衡项目),TOT_CUR_LIAB_DIFF,"NUMBER(20,4)",.,,AShareBalanceSheet,REPORT_PERIOD,S_INFO_WINDCODE,STATEMENT_TYPE,
spe_non_cur_liab_diff,非流动负债差额(特殊报表科目),SPE_NON_CUR_LIAB_DIFF,"NUMBER(20,4)",.,,AShareBalanceSheet,REPORT_PERIOD,S_INFO_WINDCODE,STATEMENT_TYPE,
tot_non_cur_liab_diff,非流动负债差额(合计平衡项目),TOT_NON_CUR_LIAB_DIFF,"NUMBER(20,4)",.,,AShareBalanceSheet,REPORT_PERIOD,S_INFO_WINDCODE,STATEMENT_TYPE,
spe_bal_liab_diff,负债差额(特殊报表科目),SPE_BAL_LIAB_DIFF,"NUMBER(20,4)",.,,AShareBalanceSheet,REPORT_PERIOD,S_INFO_WINDCODE,STATEMENT_TYPE,
tot_bal_liab_diff,负债差额(合计平衡项目),TOT_BAL_LIAB_DIFF,"NUMBER(20,4)",.,,AShareBalanceSheet,REPORT_PERIOD,S_INFO_WINDCODE,STATEMENT_TYPE,
spe_bal_shrhldr_eqy_diff,股东权益差额(特殊报表科目),SPE_BAL_SHRHLDR_EQY_DIFF,"NUMBER(20,4)",.,,AShareBalanceSheet,REPORT_PERIOD,S_INFO_WINDCODE,STATEMENT_TYPE,
tot_bal_shrhldr_eqy_diff,股东权益差额(合计平衡项目),TOT_BAL_SHRHLDR_EQY_DIFF,"NUMBER(20,4)",.,,AShareBalanceSheet,REPORT_PERIOD,S_INFO_WINDCODE,STATEMENT_TYPE,
spe_bal_liab_eqy_diff,负债及股东权益差额(特殊报表项目),SPE_BAL_LIAB_EQY_DIFF,"NUMBER(20,4)",.,,AShareBalanceSheet,REPORT_PERIOD,S_INFO_WINDCODE,STATEMENT_TYPE,
tot_bal_liab_eqy_diff,负债及股东权益差额(合计平衡项目),TOT_BAL_LIAB_EQY_DIFF,"NUMBER(20,4)",.,,AShareBalanceSheet,REPORT_PERIOD,S_INFO_WINDCODE,STATEMENT_TYPE,
lt_payroll_payable,长期应付职工薪酬,LT_PAYROLL_PAYABLE,"NUMBER(20,4)",.,,AShareBalanceSheet,REPORT_PERIOD,S_INFO_WINDCODE,STATEMENT_TYPE,
other_comp_income,其他综合收益,OTHER_COMP_INCOME,"NUMBER(20,4)",.,,AShareBalanceSheet,REPORT_PERIOD,S_INFO_WINDCODE,STATEMENT_TYPE,
other_equity_tools,其他权益工具,OTHER_EQUITY_TOOLS,"NUMBER(20,4)",.,,AShareBalanceSheet,REPORT_PERIOD,S_INFO_WINDCODE,STATEMENT_TYPE,
other_equity_tools_p_shr,其他权益工具:优先股,OTHER_EQUITY_TOOLS_P_SHR,"NUMBER(20,4)",.,,AShareBalanceSheet,REPORT_PERIOD,S_INFO_WINDCODE,STATEMENT_TYPE,
lending_funds,融出资金,LENDING_FUNDS,"NUMBER(20,4)",.,,AShareBalanceSheet,REPORT_PERIOD,S_INFO_WINDCODE,STATEMENT_TYPE,
accounts_receivable,应收款项,ACCOUNTS_RECEIVABLE,"NUMBER(20,4)",.,,AShareBalanceSheet,REPORT_PERIOD,S_INFO_WINDCODE,STATEMENT_TYPE,
st_financing_payable,应付短期融资款,ST_FINANCING_PAYABLE,"NUMBER(20,4)",.,,AShareBalanceSheet,REPORT_PERIOD,S_INFO_WINDCODE,STATEMENT_TYPE,
payables,应付款项,PAYABLES,"NUMBER(20,4)",.,,AShareBalanceSheet,REPORT_PERIOD,S_INFO_WINDCODE,STATEMENT_TYPE,
s_info_compcode,公司ID,S_INFO_COMPCODE,VARCHAR2(10),.,,AShareBalanceSheet,REPORT_PERIOD,S_INFO_WINDCODE,STATEMENT_TYPE,
tot_shr,期末总股本,TOT_SHR,"NUMBER(20,4)",.,单位：股,AShareBalanceSheet,REPORT_PERIOD,S_INFO_WINDCODE,STATEMENT_TYPE,
hfs_assets,持有待售的资产,HFS_ASSETS,"NUMBER(20,4)",.,,AShareBalanceSheet,REPORT_PERIOD,S_INFO_WINDCODE,STATEMENT_TYPE,
hfs_sales,持有待售的负债,HFS_SALES,"NUMBER(20,4)",.,,AShareBalanceSheet,REPORT_PERIOD,S_INFO_WINDCODE,STATEMENT_TYPE,
fin_assets_cost_sharing,以摊余成本计量的金融资产,FIN_ASSETS_COST_SHARING,"NUMBER(20,4)",.,,AShareBalanceSheet,REPORT_PERIOD,S_INFO_WINDCODE,STATEMENT_TYPE,
fin_assets_fair_value,以公允价值计量且其变动计入其他综合收益的金融资产,FIN_ASSETS_FAIR_VALUE,"NUMBER(20,4)",.,,AShareBalanceSheet,REPORT_PERIOD,S_INFO_WINDCODE,STATEMENT_TYPE,
contractual_assets,合同资产,CONTRACTUAL_ASSETS,"NUMBER(20,4)",.,元,AShareBalanceSheet,REPORT_PERIOD,S_INFO_WINDCODE,STATEMENT_TYPE,
contract_liabilities,合同负债,CONTRACT_LIABILITIES,"NUMBER(20,4)",.,元,AShareBalanceSheet,REPORT_PERIOD,S_INFO_WINDCODE,STATEMENT_TYPE,
accounts_receivable_bill,应收票据及应收账款,ACCOUNTS_RECEIVABLE_BILL,"NUMBER(20,4)",.,,AShareBalanceSheet,REPORT_PERIOD,S_INFO_WINDCODE,STATEMENT_TYPE,
accounts_payable,应付票据及应付账款,ACCOUNTS_PAYABLE,"NUMBER(20,4)",.,,AShareBalanceSheet,REPORT_PERIOD,S_INFO_WINDCODE,STATEMENT_TYPE,
oth_rcv_tot,其他应收款(合计)（元）,OTH_RCV_TOT,"NUMBER(20,4)",.,,AShareBalanceSheet,REPORT_PERIOD,S_INFO_WINDCODE,STATEMENT_TYPE,
stm_bs_tot,固定资产(合计)(元),STM_BS_TOT,"NUMBER(20,4)",.,,AShareBalanceSheet,REPORT_PERIOD,S_INFO_WINDCODE,STATEMENT_TYPE,
const_in_prog_tot,在建工程(合计)(元),CONST_IN_PROG_TOT,"NUMBER(20,4)",.,,AShareBalanceSheet,REPORT_PERIOD,S_INFO_WINDCODE,STATEMENT_TYPE,
oth_payable_tot,其他应付款(合计)(元),OTH_PAYABLE_TOT,"NUMBER(20,4)",.,,AShareBalanceSheet,REPORT_PERIOD,S_INFO_WINDCODE,STATEMENT_TYPE,
lt_payable_tot,长期应付款(合计)(元),LT_PAYABLE_TOT,"NUMBER(20,4)",.,,AShareBalanceSheet,REPORT_PERIOD,S_INFO_WINDCODE,STATEMENT_TYPE,
debt_investment,债权投资(元),DEBT_INVESTMENT,"NUMBER(20,4)",.,,AShareBalanceSheet,REPORT_PERIOD,S_INFO_WINDCODE,STATEMENT_TYPE,
other_debt_investment,其他债权投资(元),OTHER_DEBT_INVESTMENT,"NUMBER(20,4)",.,,AShareBalanceSheet,REPORT_PERIOD,S_INFO_WINDCODE,STATEMENT_TYPE,
other_equity_investment,其他权益工具投资(元),OTHER_EQUITY_INVESTMENT,"NUMBER(20,4)",.,,AShareBalanceSheet,REPORT_PERIOD,S_INFO_WINDCODE,STATEMENT_TYPE,
other_illiquidfinancial_assets,其他非流动金融资产(元),OTHER_ILLIQUIDFINANCIAL_ASSETS,"NUMBER(20,4)",.,,AShareBalanceSheet,REPORT_PERIOD,S_INFO_WINDCODE,STATEMENT_TYPE,
other_sustainable_bond,其他权益工具:永续债(元),OTHER_SUSTAINABLE_BOND,"NUMBER(20,4)",.,,AShareBalanceSheet,REPORT_PERIOD,S_INFO_WINDCODE,STATEMENT_TYPE,
receivables_financing,应收款项融资,RECEIVABLES_FINANCING,"NUMBER(20,4)",.,,AShareBalanceSheet,REPORT_PERIOD,S_INFO_WINDCODE,STATEMENT_TYPE,
right_use_assets,使用权资产,RIGHT_USE_ASSETS,"NUMBER(20,4)",.,,AShareBalanceSheet,REPORT_PERIOD,S_INFO_WINDCODE,STATEMENT_TYPE,
lease_liab,租赁负债,LEASE_LIAB,"NUMBER(20,4)",.,,AShareBalanceSheet,REPORT_PERIOD,S_INFO_WINDCODE,STATEMENT_TYPE,
